identifier,dimension
ABAMIC,2
ABEDAM,3
ABEDEQ,3
ABEREE,0
ABESIL,2
ABESUX,3
ABETAE,3
ABOCEA,0
ABOCIE,0
ABULIV,2
ABULOB,3
ABUNOB,0
ABUNOC,2
ABUNUI,2
ACADEO,1
ACAGET,0
ACAHIW,2
ACIFOK,3
ACIFUQ,3
ACISAJ,3
ACISEN,3
ACISIR,3
ACOKOT,1
ACOKUZ,2
ACOMEL,1
ACOTER,0
ADALOG,3
ADIPUZ,0
ADOKOT,3
ADOSES,3
AFEVUE,0
AFEZIX,0
AFIVEQ,1
AFIVOA,3
AFOFUX,1
AFONAK,0
AGABUF,2
AGOKUF,0
AGOPIX,0
AGOSIY,2
AGUZIL,0
AHIZEX,2
AHOJUC,3
AHOKAJ,3
AHOKUD,2
AHUROM,1
AHUSED,1
AHUSIH,0
AJARUY,1
AJESEN,0
AJEWER,1
AJEWIV,1
AJIQEQ,2
AJIRIV,2
AJODOV,0
AJOSAT,2
AJOTEY,3
AJUKAS,0
AKELAF,0
AKOHEO,3
ALABIY,1
ALECUP,2
ALEDAW,2
ALIQUH,3
ALUPIH,1
ALUPON,2
AMAKIK,0
AMAKOQ,0
AMATEP,0
AMAVER,0
AMAVUH,0
AMIYIG,3
AMIYOM,3
AMIZAZ,3
AMIZON,3
AMOBEL,3
AMOGIS,0
AMOGOY,0
AMOGUE,0
AMOHAL,0
AMOHEP,0
AMOMUM,3
AMONAT,3
AMURUX,3
ANEFIK,2
APIPUL,0
APIZEF,0
APOFIV,0
APOGOD,3
APOZIO,0
AQOURI,0
AQUPAE,2
ARABIF,0
AROYOW,0
ARUFIC,3
ARUYOB,3
ARUYUH,3
ASEMIU,0
ASEQIA,2
ASEQOG,2
ASEQUM,2
ASERAT,2
ASEREX,2
ASERIB,2
ASEZOP,0
ASEZUV,0
ASIBAH,2
ASOJAT,2
ASOWEK,1
ASOXOV,0
ATAHEI,2
ATECIN,0
AWAJOY,0
AWASEW,2
AWEFAK,1
AWEFIS,1
AWEKUI,2
AWIFER,2
AWIPUT,1
AWOJIG,0
AWOPOS,0
AWOQAF,0
AXAFAG,3
AXAFEK,3
AXOHOL,1
AXOHUR,2
AXORUB,0
AXUPEO,3
AYEJIY,2
AYEJOE,1
AYEMAT,2
AYILOK,3
AYIMIF,0
AYIZOY,0
AYOKII,0
AYUPAL,2
AYUPEP,2
AYUPIT,2
AYUPOB,0
AZECUD,0
AZEDAK,0
AZEDIS,0
AZEMUO,0
AZENAV,0
AZEWAD,3
AZEWEH,3
AZEWIL,2
AZEWOR,2
AZEZEK,2
AZIQAB,0
AZONIM,1
AZOPEK,2
AZOWIV,2
AZOWOB,3
BAGPEE,0
BAHQOR,1
BAKFAV,3
BAKFEZ,2
BAKKUV,0
BAMMEK,2
BANDAV,0
BARHOS,0
BARWEX,2
BATCOQ,0
BAVXAX,2
BAVXEB,0
BAWZAC,0
BAWZEG,0
BAXKAM,3
BAXPUL,3
BAYBOT,2
BAYBUY01,0
BEBFAQ,2
BECQUV,0
BECRAD,3
BEDNAA,2
BEHKAA,2
BEJHAC,0
BEKDIF,2
BEKSAM,3
BEMJAG,2
BEMWAT,0
BERVUQ,2
BERWAX,2
BESJIT,2
BEVKUJ,0
BEVLAQ,2
BEWSIF,0
BEYSAZ,0
BEZBAL,0
BEZLEX,0
BICGID,0
BICGIG,1
BICGOJ,0
BICGOM,2
BICPOT,3
BIQFAL,3
BIQFOW,3
BIQHUH,3
BIQNUM,3
BIQPAU,2
BIQREA,2
BIQRIE,3
BITREB,0
BITRIF,0
BIVLUQ,3
BIVSOO,0
BIVXUZ,2
BIVYEK,2
BIWGUJ,3
BIWHAQ,3
BIWWAG,0
BIWWEK,0
BIYFEV,2
BIYFIZ,2
BOJBOS,0
BOKJIV,0
BOKJOB,0
BOKJUH,1
BOKKAO,1
BOKKES,0
BOKKIW,0
BOKKOC,1
BOKKUI,0
BOKVUU,2
BOKWAB,2
BOLQIE,0
BOMZOT,0
BOMZUZ,0
BOPMUR,3
BOPNAY,3
BOPNEC,3
BOPNIG,3
BOPNOM,3
BOPNUS,3
BOPPUU,3
BOQNIE,0
BOQVIN,0
BOQWUC,2
BOTHAU,2
BOWRAH,3
BOWSOW,3
BOWSUC,3
BOXWAN,3
BOXWER,3
BOXWIV,3
BOXYAQ,3
BOXYEU,3
BOXYIY,3
BUAMDW10,0
BUBQOE,3
BUCREZ,0
BUCRID,0
BUGWUV,0
BURHIG,1
BURHUS,3
BUTHUU,0
BUWKEL,0
BUWZUP,1
CACKOI,0
CADPED,1
CADPIH,3
CAFKIG,0
CAGXIS,2
CAGZOA,2
CAGZUG,1
CAHBET,2
CAHFOH,2
CAHMAZ,3
CAHQOS,3
CAHSOU,3
CAHVEN,2
CAKSOY,0
CANCUR,3
CANFUS,0
CANVEV,0
CANZIB,1
CANZOH,3
CANZUN,2
CAPBAX,2
CAPBEB,3
CAPBIF,0
CAPBOL,2
CAPCEC,3
CAPCIG,3
CAPTIZ,1
CAPTOF,1
CAPTUL,1
CAPVAT,2
CAQJOV,0
CAQWOJ,2
CASHUA,1
CASJEM,0
CASNIU,1
CASQIY,0
CAVMIW,3
CAWTOM,0
CAXHAK,0
CAXPEX,0
CAYSOL,3
CAZXUY,2
CAZYAF,2
CEDTIR,0
CEHQAJ,1
CEHQEN,1
CEHQIR,1
CEHYOF,3
CEJLEI,0
CEJVET,3
CEJVIX,3
CELFIJ,0
CEMLIP,1
CEQBUV,3
CERLET,0
CERVUR,2
CETJIX,0
CETJUJ,0
CETSIG,1
CETSOM,0
CEWJIZ,0
CEYZIR,2
CHAMMO,0
CICZEU,1
CIDJOO,0
CIJGEK,2
CIJJEN,2
CIJJOX,2
CIKLOY,2
CIKLUE,2
CIKMAL,2
CIKMEP,2
CIKMIT,2
CIKMOZ,2
CIKMUF,2
CIKNAM,2
CIKNEQ,2
CIKNIU,2
CIKYIF,2
CIMROI,0
CIMVEB,0
CINFOW,0
CINKUI,2
CINLAP,2
CIRBIR,0
CIRVIJ,0
CIRVOP,0
CISFOA,2
CIVPIG10,0
CIXGOG,2
CIXGUM,1
CIXSEI,0
CIXSIM,0
CIXSOS,1
CIXTIN,2
CIYPOS,0
CIYPUY,0
CIYQAF,0
COBRET,3
COBSIY,3
COBSUK,3
COCYOI,0
CODLIT,0
CODMUF,3
CODNAM,3
COFNIV,2
COGKEP,3
COGNIW,0
COHSEZ,0
COHSID,0
COHXOM,3
COJVEF,3
COJVIJ,3
COKJES,0
COKZAG,2
COKZEK,3
COKZIN,0
COLSIG,0
COLZEJ,2
COQNIF,3
COVCAU,0
COVJUV,0
COVMOQ,2
COXHED,3
COXHIH,3
COXHON,3
COXYAP02,0
COZCUS,0
COZDAZ,0
COZDED,0
CUBVAX,1
CUHCIR,2
CUHQIG,1
CUJFEU,2
CUJYAJ,0
CUMCES,0
CUMCIW,0
CUMCOC,0
CUMCUI,0
CUMDAP,0
CUMNEG,1
CUNQEJ,3
CUNQIN,3
CUNQOT,3
CUNQUZ,3
CUNXIS,3
CUPBEW,2
CURPIQ,0
CUTGEE,3
CUTGII,3
CUWTEV,2
CUWTIZ,2
CUXDUU,3
DABKIA,0
DABZUE,0
DADTOS,3
DADTUY,3
DADVAG,3
DADXEO,1
DAGBUL,0
DAHNAC,0
DAHNOQ,3
DAHYUH,0
DAHZOC,0
DAKNOT,3
DALROA,1
DALRUG,3
DALSAN,3
DALSER,3
DAMYEW,0
DAQNUE,0
DAQVOH,0
DATTEY,0
DATTIC,0
DATTOI,0
DAVWUT,2
DAXNIA,3
DAYGES,0
DAYGIW,0
DAYKOE,2
DCHXMO,0
DEBQOT,3
DECDUN,3
DECGAW,1
DECXUF,0
DEDNIK,2
DEDPOT,2
DEDPUZ,2
DEFPIO,0
DEFPOU,0
DEFPUA,0
DEJBAY,0
DEJHOS,0
DEJRIW,0
DELNEO,0
DELNIS,0
DELSIX,1
DELYOJ,0
DEPJIR01,3
DEPQEV,2
DEPQIZ,2
DEPQOF,2
DETLIA,1
DETLOG,3
DETLUM,3
DETMAT,3
DEWVAD,0
DEXSEF,0
DIBMOS,3
DIDLOU,0
DIFVAP,0
DIFYAS,0
DIKZIH,1
DIMWED,2
DINCIP,3
DINRUQ,0
DIPGAM,0
DIPVIK,0
DIRBIP,3
DISSOO,3
DISSUU,3
DISTAB,3
DIVMEB,2
DIVMIF,2
DIVMOL,2
DIVMUR,3
DIVNAY,3
DIVNIH,3
DIXHIC,3
DIZFOH,0
DIZJUT,0
DIZYER,0
DOBKOV,0
DODQOD,2
DODQUJ,2
DODRUJ,3
DOHDOU,3
DOLFIV,2
DOMJIZ,0
DOMJOF,0
DONXOW,3
DOPZUF,2
DOWQIP,3
DOWYAP,1
DOWZUK,1
DUBBEI,3
DUCDOV,0
DUFBEN,0
DUHGET,0
DUJGEX,0
DUKMOL,0
DUMBET,1
DUMFAT,0
DUQYEU,3
DURPEM,0
DUSWAP10,3
DUWQUJ,3
DUWRAQ,3
DUWREU,3
DUWROE,3
DUWRUK,3
DUWSAR,3
DUWTAS,3
DUXNIU,0
DUZKIT,0
EBEWUG,3
EBEXAN,3
EBEXER,3
EBEXIV,3
EBEXOB,3
EBEXOY,2
EBITAL,3
ECAMIG,2
ECAVEK,3
ECAVIO,3
ECIYEU,3
ECIZAS,2
ECIZEW,2
ECIZIA,2
ECODOQ,3
ECOFAE,2
ECOLOX,3
ECONIU,3
ECULOF,1
ECULUL,1
ECUZOS,2
EDEPOS,1
EDIKEH,3
EDIKIL,3
EDOVOJ,2
EDOYOL,3
EDOYUR,0
EDUKIZ,0
EDUQIE,0
EFAHAX,0
EFILUA,3
EFIMUB,3
EFOMOC,0
EGEQIQ,2
EGIRUI,0
EGOHOY,0
EGUBOY,3
EHACUL,1
EHADAS,1
EHADEW,1
EHAGEA,3
EHAXIU,2
EHAXOA,2
EHIBIH,3
EHUJOH,2
EJATIS,3
EJEBUR,0
EJEWAT,0
EJUVIO,3
EJUVOU,3
EKEPUF,2
EKEQAM,1
EKIDAD,3
EKIVIE,3
EKIVOK,3
EKUPUX,0
ELEJEM,0
ELIYAA,2
ELOHOC,2
ELOHUI,2
ELOJAQ,2
ELOJIY,3
ELOJOE,3
EMAJIL,2
EMAKIM,0
EMAKOS,0
EMAQUE,0
EMIXOO,0
EMODEP,2
EMODIT,1
EMODOZ,3
EMOKUN,1
EMORED,2
EMOSII,0
EMOSOO,3
ENEBUV,0
ENIFIR,1
ENIFOX,1
ENIFUD,2
ENIGAK,1
ENIYEG,0
ENOGAQ,1
ENOGEU,1
ENUHOL,0
EPERAU,2
EPEREY,1
EPERUN,3
EPESEY,3
EPESOI,3
EPEYEF,2
EQOZIU,0
ERETUS,0
ESIVOS,3
ESIVUY,2
ETAKUG,2
ETECEN,2
ETECIR,3
ETECOX,3
ETECUD,2
ETEDAK,2
ETEXEI,3
ETODIA,0
ETUWEW,3
ETUWIA,3
ETUXEW,3
ETUYAT,1
EVOTEQ,0
EWAVIH,2
EWAVON,1
EWECIS,2
EWERUT,2
EWILAY,2
EWILEC,2
EWILIG,0
EWILUS,2
EWULOY,0
EWUYIG,2
EXABUC,2
EXAQUR,0
EXEJUM,3
EXELUO,1
EXOTUG,2
EXOYAR,1
EXUBOQ,0
EXUYIG,3
EYAFEP,3
EYAFUH,2
EYAGES,2
EYAGIW,1
EYAGOC,2
EYAHOD,1
EYAHUJ,1
EYAJUL,1
EYAKOG,2
EYAKUM,0
EYALEX,0
EYALOH,0
EYAYEK,0
EYOSAM,2
EYOYUO,2
EZENIG,2
EZOXIB,0
FACMOM,1
FAFHAX,0
FAFHEB,0
FAGNEH,0
FAHBIC,3
FAHYIX,1
FAHYOD,2
FALGUW,2
FALYUN,3
FANMUE,1
FAPGEI,0
FAQCEG,0
FAQCIK,0
FAQGIO,3
FARVIE,2
FASHEN,2
FASHIR,2
FASHOX,3
FASMIW,1
FATZAC,0
FAVWUW,1
FAWLOF,0
FAXMIB,0
FAXSOP,2
FAXSUV,2
FAXTAC,2
FEJDEE,3
FEJDII,3
FELFEK,2
FELJEO,3
FELJUD,3
FELKAK,3
FEPBEI,2
FEPBIM,2
FEPQEW,3
FEQBIM,2
FEQBOS,2
FEQBUY,2
FEQCAF,2
FERWOR,3
FESCIS,3
FESTUT,3
FESVAB,3
FESXIL,2
FEVBAM,3
FEVYIP,2
FEVYOV,2
FEWROP,0
FEXGAT,2
FEXGEX,2
FEXGIB,2
FEZXIS,0
FEZXOY,0
FIBNAF,0
FICTAN,0
FICXUL,1
FICYAS,1
FIGFOR,3
FIGQIV,3
FIGVOH,1
FIGVUN,2
FIHGAH,1
FIHGEL,2
FIJGEK,3
FIJRIA,2
FIJYED,3
FIJYIH,2
FIJYON,3
FIKFAH,2
FILQIA,1
FINSAX,1
FIPMUO,2
FIPNAV,2
FIQGES,1
FIQJUM,0
FIRYIQ,0
FISHIY,0
FITWIP,1
FIVCIW,0
FIVJID,3
FIVQIL,3
FIVQOR,3
FIVVUE,0
FIWWAJ,3
FIYGUQ,1
FOBTUO,0
FOCVUO,0
FODYUT,3
FODZOO,2
FOFHAK,3
FOFHEO,3
FOFHIS,2
FOFHOY,2
FOFHUE,3
FOFPEX,2
FOFPOH,0
FOFQAU,2
FOFQOI,0
FOHYAE,2
FOJMOI,0
FOJNEZ,0
FOJNID,3
FOKLOI,0
FOPBOB01,2
FOPGOG,3
FOPSAH,0
FOTCEZ,2
FOTHIF,0
FOXFUU,2
FUBCOX,0
FUDLOF,1
FUDSOP,0
FUGLEZ,0
FUGMIE,0
FUJCAO,0
FUMHUR,0
FUQBEY,2
FURNIP,0
FURZIC,0
FUSFAA,0
FUSFEE,0
FUVXAW,0
FUVYAX,0
FUXWAY,2
FUXWEC,2
FUXWOM,2
FUYRIA,2
FUZBOS,3
FUZSUQ,1
GACKIG,2
GACKOM,1
GACKUS,3
GACLAZ,2
GAHKAE,0
GAHLEH,1
GAMFAD,0
GAMFEH,0
GAMFIL,0
GAMFOR,0
GAMFUX,0
GAMGAE,0
GAMGIM,0
GAMGOS,0
GAMGUY,0
GAMHAF,0
GAMHEJ,0
GAMHIN,0
GANJOV,2
GAQWUQ,0
GARKIT,1
GARTUR,3
GARVAZ,2
GASROH,0
GAVKOE,0
GAVNIB,0
GAWHOC,0
GAZFAR,3
GAZFOF,3
GEBYER,0
GEDKIK,2
GEJNEP,2
GEKQEV,0
GENHOY,3
GENPIB,2
GENPOH,3
GENPUN,2
GEQBIO,0
GEQVOO,1
GEQVUU,1
GEQWAB,1
GEQWEF,1
GEQWIJ,1
GEQWOP,1
GERJOF,3
GERJUL,3
GERKEW,3
GERKIA,3
GERLAT,3
GERNIB,0
GERSON,0
GERSUT,0
GEYWUC,0
GEZYOB,3
GEZYUH,3
GEZZAO,3
GEZZES,2
GIBWOG,0
GICHAE,2
GICHEI,2
GICHIM,2
GICHOS,2
GICXIB,3
GIGPOB,0
GIHCAC,0
GIJGAJ,0
GIJGEN,0
GIKLIX,0
GIKPAT,0
GIKPEX,0
GIMNEW,1
GIMNUN,1
GIQMEZ,0
GISHOI,0
GITMAX,1
GITMEB,1
GIVDOE,0
GIWVIS,0
GIWVOY,1
GOBYEC,0
GODFIP,0
GODFOV,0
GOFLOD,2
GOKJOF,2
GOMPOO,3
GOMSUW,3
GOMTAG,0
GOQBAR,0
GOQSAG,0
GOQZUK,1
GORDOJ,0
GOSQEN,2
GOSRIP,3
GOVKEJ,0
GOXXOI,0
GOYPAN,3
GOYPER,3
GOYSAQ,0
GUACRO10,0
GUANDC01,0
GUANTC10,0
GUANZS,3
GUBHIW,0
GUBHOC,0
GUBPIE,3
GUBPOK,3
GUBPUQ,3
GUBQAX,3
GUCBFT,0
GUCPEZ,2
GUGXIR,2
GUGXOX,3
GUHMOM,2
GUHNAZ,0
GUHNED,0
GUHNIH,0
GULCAS,3
GULFUO,2
GUMOSI,0
GUNDMO,0
GUOCCE10,0
GUPCCE,0
GUPCTH,0
GUQTOB,3
GURZAV,0
GURZEZ,0
GUSQIV,3
GUSQOB,3
GUSQUH,3
GUSRAO,3
GUSRES,3
GUSVAT,1
GUURSL,2
GUVBEF,3
GUWKAL,0
GUWLEQ,0
GUXBUX,0
GUXQOF,2
GUXQUL,2
GYCEAC,0
HABCAQ,0
HABCEU,0
HABDIZ,0
HABKEC,1
HABKIG,2
HABKOM,3
HACCOF,2
HACREJ,1
HAFGIE,0
HAFGUQ,1
HAFJEE,0
HAFJII,0
HAGSUE,3
HAGVUH,0
HAGWAO,0
HAJZAV,0
HAJZEZ,0
HAKYAT,0
HASNIB,3
HASNOH,3
HASNUN,3
HATLOF,2
HATLUL,2
HATREZ,0
HAWHOE,0
HAXGOE,0
HEBPUB,3
HEBTIU,2
HEFHEF,2
HEFHIJ,2
HEFXUL,0
HEGBUQ,0
HEHWAS,3
HEKFOS,0
HEMRIA,0
HEMVEB,3
HENRIE,0
HENROK,0
HENRUQ,0
HENSAX,0
HEPQOJ,0
HETCUH,2
HEWPIJ,3
HEWXEN,2
HEWXIR,2
HEWXOX,2
HEWXUD,2
HEWYAK,2
HEYBIX,3
HEYBOD,1
HEYFUM,3
HEZNUW,3
HEZPIL01,3
HEZWIS,2
HEZXOZ,1
HIBQUE,3
HICFAB,2
HICFEF,2
HICFIJ,1
HICFOP,3
HICFUV,1
HICGAC,1
HICKOU,1
HIDLEL,0
HIDLIP,1
HIDXOI,0
HIFNOA,1
HIHFOT,0
HIHFUZ,0
HIHGAG,0
HIHGEK,0
HIHNIX,2
HIJMEU,3
HIKTIG,2
HIKTOM,2
HIKTUS,2
HIKVAA,2
HIKVEE,2
HIKVII,2
HIKVOO,2
HIKVUU,2
HIKWAB,2
HIPKIB,2
HIPKOH,2
HIPKUN,3
HIQHUM,0
HIQYAJ,0
HIWLEG,3
HIWLIK,3
HIWLOQ,3
HIWLUW,3
HIWMAD,3
HIWPOS,3
HIXBAU,0
HIXNAF,0
HIXWIW,3
HIZHOO,0
HOBBUV,1
HOBMAP,0
HOCDIO,3
HOCDOU,3
HOKVEK,0
HOMDET,2
HOMSIM,0
HOMSOS,0
HONLOM,0
HOPHOJ,2
HOPJOO,1
HOPYEQ,3
HOQYUI,2
HOQZAP,2
HORBAU,3
HORVOB,0
HORZOD,1
HOTHON,0
HOTSIT,0
HOTVIW,0
HOVKUZ,2
HOVLAG,2
HOVLEK,2
HOVLIO,2
HOVLOU,1
HOWJEK,3
HOXXOK,2
HOZGUA,0
HUFTAF,1
HUJXOC,0
HUJZAQ,0
HUJZEU,0
HUKVOZ,0
HUKVUF,0
HUKYER,0
HULVAL,2
HULWUG,3
HUNBEX,3
HUNBIB,3
HUNYAS,1
HUNYIA,1
HUNYOG,1
HUNYUM,1
HUVLUF,3
HUVPIX,2
HUWDIN,2
HUWDOT,2
HUWDUZ,2
HUXSOJ,0
HUYPOH,3
HUZKET,2
HUZKIX,0
HUZKOD,2
HUZKUJ,3
HUZLAQ,2
HUZLEU,2
HUZLIY,3
IBAXUF,0
IBEHOO,0
IBEMOR,0
IBIJIP,2
IBIJOV,1
IBIVOG,2
IBIVUM,0
IBOSAT,0
IBOSIB,2
IBOTAU,3
IBUBOZ,2
IBURAZ,3
IBUVOS,0
ICAGAU,3
ICAHAW,1
ICAVUD,2
ICEZOG,2
ICIVEW,3
ICIXID,2
ICIXOJ,2
ICIXUP,2
IDEMIP,0
IDIBEC,2
IDIBIG,2
IDIHOV,0
IDIVAT,0
IDOBOT,0
IDODAH,0
IDUGOF,2
IDUGUL,2
IFAHEC,3
IFAMAE,0
IFESAO,0
IFESES,0
IFESIW,0
IFESOC,0
IFIMOA,0
IFUDES,3
IGEQAM,2
IGONAT,2
IGONEX,2
IGONUP,3
IGOPAX,3
IGOPEB,3
IGUCET,3
IGUCIX,3
IGUJOJ,0
IGUROU,3
IHOTIJ,0
IHUROS,3
IJIGOX,3
IJISID,3
IJIWUT,1
IKELOA,1
IKEZAZ,0
IKOMIG,0
IKUBIZ,2
IKUBOF,2
IKUBUL,3
IKUCUM,1
IKUDAT,0
IKUDEX,2
IKUDIB,1
ILAQIX,2
ILAQOD,1
ILAQUJ,1
ILARAQ,1
ILECIN,3
ILENOC,3
ILILEU,1
ILOTEJ,3
ILOTIN,3
IMIQAX,0
INICUE,1
INIDAL,3
INUTER,0
INUTIV,0
IPAFUA,2
IPAMOX01,0
IPARUN,3
IPASAU,3
IPASEY,3
IPEGIU,0
IPEGOA,0
IPICIU,2
IPOVAK,0
IPOVEO,2
IPUKOT,0
IPUKUZ,1
IPULAG,2
IPULEK,2
IQECUC,1
IQIDES,3
IQUKAH,1
IRAHUF,3
IRAJAN,3
IRAJER,3
IRAJIV,3
IRAYOQ,3
IRAYUW,3
IRIPEE,3
IRIPII,3
IRIPUU,2
IRIQUW,1
ISAHIU,0
ISIYOZ,3
ISIYUF,3
ISUFOR,0
ITESIJ,1
ITETEG,1
IVASAB02,1
IVASEF02,1
IVOCON,3
IVOTUI,2
IWAGAO,0
IWEPOP,1
IWEQUW,2
IWEXEO,0
IWOKEK,0
IWOMEO,0
IWOTOF,0
IWUSUO,2
IWUZAB,0
IXINOS,2
IYAVUA,0
IYEKAA,1
IYEXUF,1
IYEYAM,1
IYODEH,0
IYODIL,0
IZAFEV,1
IZAJUP,2
IZEDUN,2
IZIQIR,2
IZUPEA,3
JABMEF,3
JAJYUP,0
JAJZAW,0
JALXIG,0
JALXOM,0
JAMFEI,0
JAMLIT,3
JANNAQ,3
JANQAT,3
JAPNUK,1
JAPXED,3
JAQZOR,0
JATBIS,0
JATBOY,0
JATBUE,0
JAVNEA,0
JEBBIE,3
JEBBOK,3
JEBGIJ,3
JEBGOP,3
JEBGUV,3
JECDON,3
JECDUT,3
JECFAB,2
JECFEF,2
JECFIJ,0
JEDKIP,3
JEDXEW,2
JEGCUW,2
JELPAS,3
JEQBUD,0
JEQCAK,0
JESDIV,3
JETDES,1
JETDIW,1
JETSEH,2
JETSOR,0
JEWCOE,0
JEYWUG,1
JEYXOB,3
JEZBAS,0
JIHDEM,0
JIHDOW,0
JIJYEJ,3
JIKLAT,0
JIKLEX,0
JIKLIB,0
JIKLOH,0
JIKMAU,0
JIKMEY,3
JIKMIC,0
JISCOE,0
JISTIR,0
JIVQOU,3
JIVQUA,1
JIVSIQ,2
JIWJOP,0
JIWJUV,1
JIWKAC,1
JIWKEG,2
JIWKIK,2
JIWKOQ,2
JIXYEX,0
JIYNIO,2
JIYPIQ,1
JIYXOF,1
JIYYAS,1
JIZSOA,0
JOCMAQ,3
JOCSID,2
JOFMID,1
JOFMOJ,2
JOGXAG,0
JOKRIN,0
JOKWOV,3
JOQFAW,2
JOSPAI,1
JOSPEM,1
JOWVEZ,2
JUBDOB,1
JUCCIT,0
JUCKOJ,3
JUFZAL,0
JULVET,0
JUPXOJ,0
JUQCOP,1
JURWEB,0
JUVTID,0
JUVZUX,0
JUWBAG,0
KAGVUL,3
KAGWAS,2
KAGWEW,3
KAHYEY,3
KALGIP,2
KALGOV,2
KALGUB,2
KALVEB,0
KALVIF,0
KALVOL,0
KAMRUM,0
KAPKOE,1
KAPSUR,0
KAPWOP,0
KARDAJ,0
KARTAA,3
KARTEE,2
KARTII,1
KARTOO,1
KASROM,1
KATHET,0
KAVRIJ,0
KAVROP,2
KAXVUB,0
KAZFOH,1
KAZXEO,0
KEDJAG,3
KEFFEI,3
KEFYAX,0
KEFYEB,0
KEJBIL,3
KEJQAR,3
KEJSAU,1
KELWAA,0
KENKUL,2
KEPVOT,0
KEQGAR,2
KEQHUK,2
KERZIT,3
KESWAH,3
KETFIA,0
KEWWAL,0
KEXNOT,0
KEXSEL,0
KEYJII,2
KEYJOO,2
KEYNIM,1
KICNIU,0
KIFFEM,0
KIHMAS,1
KIHMEW,0
KIJMAU,0
KIJMEY,3
KIJNOJ,2
KIJPAX,3
KIJPEB,3
KIJZAF,0
KILDAL,2
KILDEP,2
KIMLOK,1
KIQDIA,1
KIQGUM,2
KIQHIB,3
KIQMUU,0
KIRTOW,3
KIRTUC,3
KIRWIT,3
KISBEU,0
KISBIY,0
KIXBEY,1
KODNAS,2
KOJLEC,0
KOKDAR,0
KOQXIZ,0
KOTGEI,0
KOTQAN,3
KOYJAJ,1
KUBLAV,2
KUBNUR,1
KUBRIJ,0
KUBROP,1
KUDYUE,3
KUGGUO,1
KUHVEP,0
KUJSOZ,2
KULQAK,2
KURZIH,1
KUTBOS,3
KUYVAC,0
LABFUQ,1
LABGAX,1
LABGEB,2
LABGIF,1
LABGOL,0
LADKIN,3
LAFKOV,0
LAFKUB,0
LAFLAI,0
LAFLEM,0
LAFLIQ,0
LAGLEN,0
LAHTUK,1
LAHVAS,0
LAHVEW,0
LAJXOK,0
LAKZUT,0
LALBAC,0
LAMMUI,0
LANNIY,2
LANNOE,0
LAQNIB,2
LAQNOH,2
LAQPEZ,2
LAQPID,2
LATWEK,1
LATWOU,1
LATWUA,1
LAYCEU,2
LEBSOB,0
LEBZEX,1
LEDBUT,1
LEHFUB,0
LEJKIW,3
LEKGIS,0
LEMHAM,3
LEPGAO,2
LEPKEW,2
LEPREF,2
LEPRIJ,2
LEPROP,2
LEPRUV,2
LEPSAC,2
LEPSEG,2
LEPSIK,1
LEPSOQ,2
LEQVIN,3
LESTEI,0
LETFOG,0
LETFUM,0
LETGAT,0
LETPOR,3
LETPUX,3
LETQAE,3
LETQEI,3
LETRAF,3
LEVBAQ,3
LEWGOK,0
LEWNIM,0
LEWVIT,2
LEYPAI,3
LEYYET,3
LEZMIN,3
LEZVIX,0
LICFIN,0
LIFKER,2
LIFKIV,1
LIFKOB,1
LIFKUH,2
LIFLAO,2
LIFLES,1
LIKQON,0
LIMJUM,3
LIPREI,2
LIPRIL,0
LIPROR,0
LIPRUX,0
LIQDOH,0
LIQREL,0
LIQROT,2
LIQSAI,0
LIQTAH,0
LIRNUX,0
LIRPAF,1
LITGIF,0
LIVFII,0
LIWFIG,3
LIWJAC,1
LIXWEV,3
LIYFIK,0
LIYSUI,0
LOBCOU,3
LOBVAZ,1
LOBVED,2
LOBVIH,3
LOBVON,3
LODYOU,0
LOFCAM,0
LOGBAK,3
LOGBEO,3
LOHDES,2
LOHDIW,2
LOHDOC,1
LOHDUI,2
LOJCOC,2
LOKMED,2
LOKMUV,3
LOLVEQ,3
LOMGIG,3
LOMHON,3
LOMLOQ,3
LOMLUV,3
LOMLUW,3
LONSEM,1
LONVUG,0
LOTMOY,2
LOVBIK,0
LOWXOK,2
LOXXEB,0
LUFDIC,2
LUFVUF,0
LUFWAM,0
LUGRUA,0
LUGSAH,0
LUHBOF,2
LUHGIE,2
LUHZET,3
LUKSIU,2
LUMLUA,3
LUNBUR,3
LUNNUF,0
LUNPUI,0
LUNQAP,0
LUPHEJ,1
LUPHIN,3
LUQCOQ,1
LUQCUW,2
LURMIW,3
LUTSID,0
LUTTAW,0
LUTZOR,2
LUVVON,0
LUVVUT,0
LUVWAA,0
LUWCAI,3
LUYTOP,1
LUYTUV,1
LUYVAD,3
MACUFR,3
MADQAL,0
MAFQEQ,2
MAGMOZ,3
MAGNEQ,3
MAHHAF,1
MAHKAI,0
MAJKUE,0
MAJMOA,3
MAKHAJ,3
MALMAN,0
MALWOM,3
MAMBOS,1
MANKIW,3
MANPUO,2
MAPBEK,2
MAPCIP,3
MAPHUH,0
MARJAQ,3
MASXOT,2
MATCAN,0
MATHEV,3
MATNAW,3
MAVBOC,0
MAVBUI,0
MAVCAP,0
MAVFEV,3
MAWVEO,3
MAWVIS,3
MAXPOT,0
MAXPUZ,0
MAYFUN,3
MAYRAF,0
MAZQUA,3
MEBDON,0
MECLEL,3
MECMAL,0
MECMEP,0
MECMIT,0
MECMOZ,0
MECMUF,0
MECSAP,1
MECSET,2
MECSIX,2
MEDLIQ,0
MEDLOW,0
MEFCAE,2
MEFFIP,3
MEFGEM,3
MEFKAM,3
MEFKIU,3
MEFKUG,3
MEFLOB,3
MEFLUH,3
MEFMUI,2
MEGBAC,0
MEGBEG,0
MEHHIR,1
MEJGEN,2
MEJVAY,3
MEKSOL,0
MEKSUR,0
MEMGEQ,0
MEMZIO,0
MENSAA,0
MENWOU,2
MERTIN,2
MESHAT,1
MESSUZ,1
MESTAG,3
MESTOU,1
MEVPIM,0
MEVVUH,0
MEXDAU,3
MEXDIC,3
MEXDOI,2
MEYHUW,0
MICBIL,2
MICBOR,2
MICBUX,0
MICCAE,0
MICNOB,3
MIFSOM,0
MIGKIX,0
MIHJOE,0
MIJYUA,2
MILSAC,1
MILSEG,1
MILSIK,1
MILSOQ,2
MILSUW,1
MILTAD,1
MILTEH,0
MILTIL,1
MIMFOF,3
MINTIM,2
MINWEL,1
MINWIP,1
MIPWUG,0
MIPXAN,0
MIQPEK,0
MIRTOX,0
MIRVAK,2
MISQIQ,3
MIVCOL,2
MIVDOL,0
MIYHIM,1
MIZREU,0
MOCROL,0
MOCRUU,0
MOFPEE,3
MOHFOF,2
MOHFUL,0
MOJZUG,2
MOLQAG,3
MOMSIS,3
MOPBEY,3
MOQNUB,3
MOTMIS,0
MOWMIV,0
MOWMOB,0
MOWQEV,2
MOWQIZ,3
MUFQAI,0
MUGCUP,0
MUHPOV,3
MUKKAF,0
MUKKIN,3
MULJEI,1
MUPGIO,0
MUPKUF,3
MUQJIS,2
MUQNIV,0
MUQSUO,1
MUQTAT,1
MUQTAV,1
MUQTEX,3
MUQTIC,1
MURKIU,1
MUSSAU,2
MUSSIE,3
MUSYAB,0
MUVMOG,3
MUVNAT,3
MUVNEX,3
MUWZIO,0
MUZBUE,3
NABSAL,1
NABSEP,3
NACBAV,0
NACDUR,0
NACFON,1
NADCOM,2
NAFRUI,3
NAHJIS,0
NAHJOY,0
NAJDEI,2
NAJFIP,0
NAJRAT,0
NAKPOG,2
NAKXUU,0
NAPQUS,0
NARGUK,1
NARHAR,3
NARHEV,3
NARJOF,1
NATCIX,1
NATDEU,0
NATDIY,0
NATDOE,0
NATGIZ,1
NATMUQ,2
NATNOL,1
NATSAC,0
NAVCAO,3
NAVFAS,2
NAVFEW,2
NAVFIA,2
NAVFUM,3
NAVWAL,1
NAYFAU,1
NAYPEJ,0
NAYPIM,3
NECPEQ,2
NECYUR,3
NECZAY,3
NEDLUF,0
NEDMEP,3
NEGVIH,0
NEGVON,0
NEHWUS,2
NELLOF,0
NELXEI,2
NENFAN,3
NENNEB,1
NEPFOF,1
NERYOY,1
NESCAP,2
NETWIU,1
NEXGAA,0
NEXGEE,0
NEXGII,0
NEXGOO,0
NEYDAX,3
NEZBOK,3
NICCAE,3
NICJUF,3
NIKRIK,0
NINPIL,1
NINPOR,2
NINPUX,2
NIPMII,0
NIQLEE,3
NITBUQ,0
NITCUR,0
NIVRAL,3
NIWWEV,3
NIXSUK,0
NIXTUL,0
NIYWAV,1
NIZTAT,0
NOBVIM,2
NOGDOF,0
NOKJON,3
NOLDEA,0
NOMDOJ,0
NONYUK,0
NOPDUS,2
NOQLOV,3
NORCEF,2
NOVKIV,0
NUBTOT,0
NUDNUW,3
NUDPAE,3
NUJXAU,0
NUKHUW,2
NUNFAF,0
NUNLUE,0
NUNTIA,0
NUNWAW,2
NUNWID,0
NUNWIE,3
NUQWAZ,3
NUQWEB,0
NURFOX,3
NURFUD,3
NURGAK,3
NURGEO,3
NURGIS,3
NURGUE,3
NURHAL,3
NURHEP,3
NURHIT,3
NURJAN,3
NUTBEL,1
NUVQUR,0
NUWBOX,3
NUWBUD,1
NUXCOY01,1
NUXWAF,3
OBEGUX,2
OBERAO,2
OBIBUX,2
OBIYUV,0
OBOQED,0
OBOZAH,2
OBUBET,0
OBUMAZ,2
OCABOK,0
OCUQIO,3
OCUVUG,0
ODEKAL,3
ODICOV,1
ODICUB,0
ODIJIW,3
ODOTAF,0
OFIDAJ,3
OFITAY,2
OFITEC,2
OFIVEE,1
OFIVII,1
OFIWIK,3
OFIWOQ,3
OFOFUN,0
OFUJEF,0
OGAHUC,3
OGAJAK,3
OGAJIS,3
OGIBOV,3
OGULUZ,2
OGUVEU01,3
OHEGAJ,3
OHEGEN,3
OHOJOM,0
OHUHOO,0
OHUNUA,2
OHUSER,0
OJEVII,0
OJIXUC,1
OJOQUZ,1
OJUSAN,3
OLATIE,0
OLELUM,1
OLEMAT,1
OLIJOI,3
OMUDAD,2
ONAYAF,1
OPAGUI,0
OPAMOI,3
OPAMUO,0
OPARON,0
OPEGOG,3
OPOFAB,3
OQOFOR,0
ORERAG,3
ORIPUB,1
ORIQAI,1
OROLUD,3
OROMAK,3
OROWAV,0
OTAXOX,3
OVAGAU,2
OVATAH,2
OVEJIJ,3
OVETEQ,0
OVITAP,2
OVITET,2
OVITIX,2
OVITOD,2
OVITUJ,2
OVUVUX,0
OVUWAE,0
OVUWEI,0
OWUFIX,0
OXAYIW,0
OXIDUW,3
OXIGOT,3
OYEKEK,0
OYEKIO,0
OYENUC,1
OYUCUH,1
OYUDAO,1
OYUDES,1
OZANOU,0
OZIGAH,0
PABROC,0
PACZOK,3
PADJEK,3
PADJOU,3
PADVOH,2
PADVUN,3
PADWAU,2
PADWEY,2
PAGFIN,1
PAGFUZ,3
PAHHIS,0
PAJHIS,0
PAKFEO,2
PALTUU,2
PALVAC,2
PALVEG,2
PAMPEZ,0
PAMRAY,0
PAMREC,0
PAMRIG,0
PAMROM,0
PAPHOE,0
PAQPIG,3
PAQRAC,0
PARHIC,1
PARNUS,2
PAWCIA,2
PAWFEZ,1
PEBCAA,3
PECBAC,2
PECBEG,2
PECGIO,1
PEDBAC,0
PEDBEG,0
PEDQIA,2
PEFJUF,3
PEGLAP,0
PEGSUS,0
PEGTAZ,0
PEGTED,0
PEGTIH,0
PEGTUT,0
PEHNUO,3
PEHSED,3
PEJFAM,2
PEJFEQ,3
PEJFIU,3
PEJFOA,3
PEJFUG,3
PEKGES,0
PELWAF,2
PENZIS,3
PEPBOC,3
PEQFIB,0
PEQFOH,0
PEQFUN,0
PEQTOV,3
PEQTUB,3
PEQZER,0
PERHOK,2
PESTIS,0
PETFEA,3
PETNOS,3
PEVGUU,0
PEVQIQ,3
PEXBAY,0
PEXLEM,0
PEXLIQ,0
PEZLAI,1
PEZLEM,2
PEZLIQ,2
PEZNUG,3
PEZPAO,3
PHOLRE,0
PIBNIY,0
PIBNOE,1
PIBYOP,2
PIBYUV,2
PIBZAC,2
PIGVEH,2
PIGXAF,3
PIHDUG,0
PILDUK,0
PILMOO,0
PILMUU,0
PILWEN,1
PIPHWO,0
PIPYOF,0
PIXPOE,3
POBJIB,3
POBNEB,3
PODCUH,2
POFMUU,0
POFYUF,1
POHPUA,0
POJSEP,0
POJVIU,3
POLBAT,3
POLBIB,3
POLBOH,3
POLBUN,3
POMLAG,1
PONPOX,3
POQKAI,3
POQQES,3
PORGAE,3
POVBEJ,2
POVMOC,3
POVMOF,0
POVNUM,1
POVPAU,1
POVQAU,2
POWVED,0
POXHAM,0
POXJOC,0
PUBDAR,0
PUBDEV,0
PUCFOJ,2
PUCYIY,1
PUHSIV,0
PUKNIV,2
PULHOT,3
PUMREU,2
PUPCEJ,0
PUPJOA,0
PUPJUG,0
PUPYAA,3
PURBEK,2
PURBIO,3
PURBOU,3
PURBUA,3
PUVWEL,1
PUWZUD,0
PUXBAM,0
PUXGOE,3
PUXHIZ,1
PUZDIY,0
PUZDOE,0
PUZDUK,0
PUZFIA,0
PYMCAM,0
PYMOCM,1
PYPOAM10,0
PYPOMO10,0
QACNEO,2
QACQOB,1
QACRES,3
QADJEL,2
QADJIP,2
QADSUJ,2
QADVUN,3
QADWAU,3
QADWEY,3
QAGFOT,0
QAHJIT,3
QAHPEX,3
QAHQEW,2
QAJJOB,3
QAJJUH,3
QAJKAO,3
QAJKIV,3
QAKMIZ,2
QAKYEH,1
QAMDIT,1
QANJOE,0
QANWOU,0
QAPKAV,2
QAQHOG,3
QATHUO,0
QATNII,1
QATPOR,3
QAVPIO,3
QAVPOU,3
QAXPEK,2
QAXPIO,2
QAXPIR,0
QAXPOX,1
QAXPUA,1
QAXQAH,2
QAXQEL,3
QAXQIP,3
QAXQUB,3
QAXRAI,2
QAXREM,2
QAXRIQ,2
QAXRUC,2
QAXSAJ,2
QAXSEN,2
QAYLEH,1
QEBREU,1
QECMUG,1
QECPAP,2
QECPET,2
QECPIX,0
QEGPAU,1
QEGPEY,1
QEKFEU,2
QEKKAS,2
QEKKEW,2
QEKKIA,2
QEKKOG,2
QEMNEC,0
QENCAO,0
QEQTIP,3
QEQZIV,3
QERCEV,3
QERQEK,0
QERQIO,0
QERRIP,0
QESKEF,1
QESLIK,3
QESLOQ,3
QESPEM,3
QESPOW,3
QESRAI,3
QESREM,2
QESROW,2
QETZOE,0
QEVDUT,0
QEYHOS,3
QEZYUR,3
QEZZAY,3
QEZZEC,3
QICTIG,2
QIFCAJ,1
QIFPAY,2
QIGCUE,0
QIGDAL,0
QIGDEP,1
QIGDIT,2
QILBOF,0
QISXEW,1
QIWCAB,1
QIWZOM,2
QIXPAO,0
QOBHOF,0
QOBPEE,3
QOBPII,3
QOBTIL,2
QOBVOT,2
QOBWEJ,3
QOBWIN,3
QOBZAI,3
QOCBUH,3
QOFKOL,3
QOFKUR,1
QOFNEG,2
QOFNUW,2
QOFPAE,3
QOFYIT,2
QOGTEM,2
QOGZET,3
QOGZIX,3
QOJKAB,3
QOLHUV,0
QONBUS,1
QONDUV,1
QONFAD,0
QOPDEE,3
QOTMAO,1
QOVZUZ,0
QOWWIJ,2
QOXCEN,3
QOXCIR,3
QOXCOX,2
QOXCUD,3
QOXDAK,3
QOZBAJ,0
QOZFIU,2
QOZQAZ,1
QOZQED,0
QUFKOS,0
QUJCUT,2
QULMIV,0
QUMNET,2
QUPCUC,2
QURBOW,2
QURCAH,2
QUTFIW,0
QUXPAB,0
RABQEQ,1
RABQIU,2
RACMIS,2
RACWUN,3
RAFMUH,3
RAGDIN,1
RAGDUZ,0
RAHBEI,1
RAHSUR,0
RAHTAY,0
RAHTEC,0
RANMOK,1
RANMUQ,1
RANNAX,1
RANNEB,1
RANTOS,3
RANZUB,2
RAPBOZ,3
RAPMOK,3
RAPMUQ,2
RAQNED,2
RAQVAG,3
RATPOT,0
RAWJUU,0
RAZNIP,0
RAZNOV,0
REBSOG,2
REBSUM,2
REFFOX,2
REGJUI,3
REHQUQ,3
REKCUG,3
REKGUL,1
REKKOJ,1
REKKUP,3
REKLAW,3
REKLEA,3
REKLIE,3
RELJAT,0
REMXOX,1
REMYUG,3
REMZAN,3
REYJOX,0
REZJIR,3
REZVEZ,2
REZVID,2
RICNEZ,0
RIGQOO,0
RIGQUT,0
RIHTIL,1
RINSEM,3
RISVEV,0
RIYKEQ,3
ROBHUM,3
ROBRIK,1
ROBROQ,2
ROBRUW,3
ROBVIN,0
ROBVOT,0
ROBVUZ,0
ROBWAG,0
ROFPAG,0
ROHQAH,0
ROKHEE,0
ROKMOU,1
ROMXAU,0
RONSUI,0
RONSUK,3
RONTAP,0
RORWON,3
RORXEE,3
ROSYEG,0
RUGJIO,3
RUGJOU,3
RUGJUA,3
RUGKAH,3
RUKGAI,3
RUNTID,0
RUNYOO,1
RUPWOP,0
RUVCAO,2
RUVCES,3
RUWNUT,2
RUXYUE,0
RUYFAS,1
RUYFEW,1
RUYFIA,1
RUYFOG,1
RUYNUV,0
RUYPAD,0
RUYZUH,3
RUZCOF,3
RUZDAS,3
RUZLOO,1
SABKAK,2
SACTEV,0
SAFZOR,3
SAGZUW,3
SAHBAF,3
SAHBEJ,3
SAJXUX,2
SAJYAE,2
SAJYEI,2
SAJYIM,2
SANHEV,1
SANHIZ,1
SANJUN,1
SANKAU,1
SANLOK,3
SANLUQ,3
SANMAX,3
SANMEB,3
SAPJEA,3
SAPJIE,3
SAQPIK,1
SAQPOQ,2
SAQPUW,2
SASKIH,3
SAYWOF,0
SAZYEA,0
SEBXAA,0
SECBIM,1
SECCIN,0
SECGAJ,2
SEDQUQ,2
SEDRAX,2
SEGCOX,1
SEHVOQ,3
SEHWOR,0
SEHXAE,0
SEHXUY,0
SEMCIX,1
SEMCOD,0
SEMCUJ,1
SEMDAQ,0
SEMGOG,0
SEMQEH,0
SENHAW,0
SENQIM,0
SETDOL,2
SETDUR,3
SETJOQ,2
SEVHEH,3
SEYQAO,2
SEYQIW,3
SIBFIT,0
SIBLAQ,3
SIBMUM,1
SICGUJ,1
SICKOE,1
SIDSIH,0
SIDSUU,3
SIDTAB,2
SIDTEF,2
SIHQEF,2
SIHQIJ,0
SIHQOP,0
SIKZUH,0
SILMAC,0
SILXER,0
SIMKEH,0
SIMKIL,0
SINJOP,1
SINQAH,3
SINQEL,3
SINQIP,1
SINVAM,3
SIPZIA,2
SIPZOG,2
SIPZUM,2
SIQBAV,2
SIQDUR,2
SIQFAZ,1
SIQFED,3
SIQFIH,3
SIQFUT,2
SIRBIG,3
SISPOA,1
SISPUG,0
SIWHUD,0
SIWKEP,0
SIWTUO,0
SIYGAJ,3
SOBSUY,3
SOCNII,0
SOCWIS,3
SOGRIQ,2
SOMROB,0
SOPXAX,0
SOQCAD,0
SOQJIT,3
SOQJOZ,3
SOQKAM,3
SOTBIM,3
SOYDAO,0
SOYDES,0
SOYYEL,3
SUDGIK,0
SUFGEI,1
SUJYOL,0
SUKMET,0
SULMEU,1
SUMNUM,0
SUMVON,0
SUMVUT,0
SUPCUD,2
SURBIR,0
SUSXIO,0
SUVQOS,0
SUWZUH,3
SUXHAU,2
SUXSEK,1
SUXXIS,0
TADDIL,0
TAFPOG,3
TAFPUM,0
TAFROI,0
TAHHIU,2
TAKDEQ,0
TAMVUB,1
TANDUJ,0
TANFEV,3
TANKUQ,1
TANLAX,3
TAWHOO,3
TAWSUI,3
TAXJAF,2
TAXREQ,2
TAYVEX,1
TAYVIB,3
TAYVOH,3
TBUAMW,0
TEDJES,0
TEJHUN,2
TEJJAV,2
TEJJEZ,1
TENXOB,0
TEPTAL,0
TEQCAT,1
TERQUD,0
TESQEN,0
TESWIY,1
TESWUK,2
TESXAR,2
TESXEV,3
TESXIZ,3
TETVAR,0
TETVEV,0
TETVIZ,3
TETYAS,1
TETZEX,3
TEWCOO,2
TEWFAD,2
TEWFEH,2
TEYCOR,0
TEYCUX,0
TEYDAE,0
TEYDIM,0
TEYDOS,0
TEYDUY,0
TEYFAG,0
TEYJIR,3
TICDEQ,0
TIDQIG,3
TIFZIR,3
TIGCOC,0
TIKHIH,0
TIKLOP,0
TIKLUV,0
TIKMAC,0
TIKMEG,0
TIKMIK,0
TIKQAI,3
TIKQEM,3
TIKQIQ,3
TILPUA,3
TIMDAX,0
TIPMUB,1
TIPNAI,2
TIPNEM,2
TIQFIJ,3
TIQPUF,3
TIQXUO,0
TIQYAV,0
TIRYOK,1
TIXMET,3
TIYKUJ,0
TIYLAQ,0
TMACWO,0
TOBLEC,0
TOBQIN,3
TOCZOA,2
TOCZUG,2
TODBET,2
TODPAD,1
TOGKOP,1
TOGKUV,1
TOHLUA,1
TOHTAM,2
TOHTEQ,2
TOJYOH,0
TOJYUN,0
TONDAC,2
TONROF,0
TOQCAD,3
TOQCIL,3
TOQLAP,1
TOQLET,3
TORWED,0
TOVJAP,3
TOWLAU,1
TOWLEY,2
TOYKEA,3
TOZDOB,1
TOZFIX,0
TUCKEI,0
TUCKOS,1
TUFQUJ,0
TUKDUZ,0
TULROJ,2
TULRUP,2
TULSAW,2
TULSEA,2
TULSIE,2
TULSOK,2
TUMTOK,3
TUMWUT,0
TURXIN,2
TURXOT,2
TUWFUN,3
TUXBAQ,0
TUYLIJ,3
UBEPOG,3
UBEPUM,2
UCEWAA,1
UCEWEE,1
UCEWII,1
UCUDIF,3
UDEZIP,0
UDEZOV,0
UDEZUB,0
UDICUG,0
UDIJEX,0
UDIJIB,0
UDIJOH,0
UDOJAY,2
UDUVIB,1
UFITEJ,3
UFITIN,1
UFITOT,1
UFUNER,0
UGAFIT,0
UGELIB,3
UGEZOW,1
UGIGAS,3
UGISAE01,3
UGIVIR,0
UGUPER,0
UJEGUN,1
UJEJAW,2
UJEJEA,0
UKETOT,0
UKUPOF,0
UKUTIE,0
ULAFIW,2
ULAFOC,2
ULAHEV,0
ULESIN,2
ULOCED,2
ULOLUC,0
UMEVUD,3
UNABUI,0
UNEQIP,0
UNEQOV,0
UNERUB,3
UNOBUV,1
UPETOZ,0
UPETUF,0
UPEVAN,0
UPEVIV,0
UPEVOB,0
UPEXOE,2
UPORAU,0
UQUDIV,3
UQUXOV,0
URIRAP,0
USAKEG,1
USAKOQ,1
USUWUC,3
UTEBAX,2
UTEBEB,2
UTULIF,3
UTUNAZ,3
UWOFET,1
UXEDEH,3
UXEDIL,3
UXEDOR,3
UXEDUX,3
UXEFAF,3
UXIHEQ,0
UXINAR,3
UZIFOZ,3
UZIHAN,0
VABFEJ,1
VACFAJ,0
VACGEO,0
VACWUS,2
VADZAC,2
VAFJER,0
VAFWAB,3
VAGJOD,1
VAGJUJ,2
VAGYUZ,3
VAGZAG,3
VAGZEK,3
VAGZIO,3
VAGZUA,3
VAHBAJ,3
VAHDUE,3
VAHFAM,3
VAHHIW,2
VAHHUI,0
VAHJAQ,0
VAHJEU,0
VAHJIY,1
VAHSED,2
VAHSON,3
VAHSUT,1
VAHTAA,1
VAHVIK,1
VAHVOQ,3
VAHWUY,0
VAHXAF,0
VAHXEJ,0
VAJLAU,0
VAJLEY,0
VAMQIJ,2
VAMQIK,3
VANWIQ,3
VANXUD,3
VAPHOM,3
VAPHUS,0
VAPNOQ,1
VAPNUW,1
VAPPAE,1
VAPPIM,2
VAQPIM,0
VARHAZ,0
VASBUO,0
VASYAR,0
VATWOE,0
VAVDUU,1
VAVFOQ,1
VAVGAD,1
VAWKAF,2
VAWKEJ,0
VAWXUN,1
VAZFIM,0
VECKOF,0
VECZAE,0
VEDNIE,1
VEDWUX,2
VEFKID,0
VEGPUV,2
VEGXAH,0
VEHLAW,3
VEHLEA,3
VEHWEM,2
VEKWAJ,1
VEKZET,0
VENRAI,0
VEQYUM,0
VETGAF,0
VETGEJ,0
VETGIN,0
VEVQOD,0
VEVQUJ,0
VEWFIP,0
VEXBAC,0
VEYJIV,0
VEYQUN,0
VEYTEZ,2
VEZJAN,3
VEZQEX,3
VIFJUR,3
VIFTOW,0
VIJSAI,0
VILDUP,2
VILWOD,1
VINROZ,3
VIPRET,1
VIPWUO,0
VIQZON,1
VIRJEM,3
VIRJIQ,3
VIRKIQ,3
VIRQAO,3
VIRQES,3
VISFUB,0
VOBDUO,1
VOBXAM,0
VOCFAW,0
VOFQUC,3
VOFYAQ,3
VOHQEO,3
VOHQIS,3
VOJQOC,0
VOKJIQ,3
VOKWUQ,0
VONHUE,1
VONXUS,0
VORZAG,0
VOXVEL,3
VOXVIP,3
VUCBIG,0
VUCTOE,3
VUCTUK,3
VUFBEE,3
VUFFOU,2
VUJPOI,1
VULREA,3
VULVII,0
VUQLEZ,3
VURREG,1
VUVLOP,0
VUXJED,0
VUYHIH,2
WABHIR,0
WABJAM,3
WABVIF,3
WACKOB,3
WADJIV,0
WADKOC,0
WAFDEN,0
WAJJUN,0
WAJKEY,0
WAJKOI,0
WAQJEE,1
WAQJII,2
WAQJOO,2
WAQJUU,2
WAQKAB,2
WAQKEF,2
WAQVOZ,0
WARTAL,2
WASCID,2
WASDEC,0
WASWUJ,1
WAVBUQ,3
WAVQUF,3
WAVREQ,3
WAXQUJ,0
WEBQEB,2
WEBQIF,3
WEBQOL,3
WEBROK,3
WECBEN,3
WECBIR,2
WECBOX,3
WECJOD,3
WEFWIO,0
WEGJUP,3
WEJDIZ,1
WEJMII,0
WEJNOP,1
WEMBOG,2
WEMLIM,0
WEMLOS,0
WEMLUY,0
WEMMEJ,0
WEPCIG,0
WEPHOR,3
WEPJAF,3
WEPJIN,3
WEPJUZ,3
WERHAC,3
WETZUQ,2
WEWLIW,0
WEWMUJ,1
WEXQOF,3
WEXQUL,3
WEZDEM,1
WEZQOJ,1
WEZYEG,0
WEZYIK,0
WEZYOQ,0
WEZZAC,0
WIBCAN,0
WIDMOL,0
WIFVEN,0
WIFVIR,0
WIGDOH,3
WIHNAD,0
WIHSEN,3
WIHSUD,3
WIHTAK,3
WIHTEO,3
WIHTIS,3
WIJDUP,0
WIJFAY,0
WIJFEC,0
WIJFIG,0
WIJLIK,2
WIJTOY,2
WILWUK,0
WIMZAV,2
WINDIG,0
WINFOP,0
WISWED,3
WISWON,2
WISWUT,1
WISXAA,3
WITJAN,0
WIVZOS,3
WIWPAV,0
WIWPEZ,0
WIWPID,0
WIWPOJ,0
WIXDIR,1
WIXDOX,2
WIXRUQ,3
WOBFAW,1
WOBFEA,2
WOBFOK,3
WOBVUE,0
WOCJOO,0
WOCJUU,0
WOCLIJ,1
WOCNEH,3
WODFIH,3
WODPIO,2
WOFKOS,0
WOFVOE,2
WOFVUK,2
WOFWAR,2
WOGDIH,3
WOGDII,0
WOGHOP,3
WOGHUV,3
WOGKUY,3
WOGLAF,3
WOJQOD,0
WONRUM,3
WOPWAA,1
WOQFOX,2
WOQLUL,3
WOQYUW,3
WORJOF,0
WORJUL,0
WORKAS,0
WOSBOV,3
WOSBUB,3
WOSMUO,3
WOVSUX,0
WOVVUB,0
WOVWEM,0
WOWGUK,3
WOXRIK,3
WOXSAD,1
WOYJOJ,3
WOZLAY,1
WOZLEC,1
WUCROB,2
WUDBUU,2
WUDCAB,1
WUDCEF,1
WUDCIJ,1
WUDYAV,1
WUGCAC,3
WUGFEJ,0
WUJHUF,1
WUKYUW,0
WULQIF,0
WULQOL,0
WUNJOE,0
WURNUS,1
WURPAA,1
WURPEE,2
WUSGIC,3
WUSGOI,3
WUTVUC,0
WUWZOD,0
WUXMAD,3
WUXMEH,3
WUXMIL,3
WUXRIR,0
WUXROX,0
WUZPUD,1
XABGUD,1
XABHAK,2
XABHEO,3
XACHUG,2
XACLOF,3
XACLUL,3
XACPEW,3
XACPOG,1
XACPUM,2
XACQAT,3
XACQEX,1
XACQIB,1
XACQOH,1
XACTOK,0
XAGLEY,0
XAGYUC,2
XAHWUZ,1
XAJHUL,2
XAJJAT,2
XAJZOY,3
XAKBUH,2
XAKCUH,1
XAKDES,3
XAKDIW,3
XAKVEL,2
XAKVUB,3
XAMCUJ,2
XAPJOP,0
XAPVIU,0
XAQTEO,3
XAQTIS,3
XAQTOY01,3
XAQYAP,2
XAVCUT,2
XAVZEC,2
XAWBEE,3
XAWQAO,2
XAXBAB,3
XAXBEF,3
XAXNUF,3
XEBXOR,2
XEBXUX,3
XECJEW,1
XECPAY,0
XEDGUI,2
XEDHIX,3
XEHDEV,3
XEHZIW,0
XEJTUB,3
XEKZAQ,0
XEMYUL,2
XEMZIA,2
XENFEE,3
XENJAC,0
XENYIA,1
XEQFAB,0
XEQFEF,0
XESGIM,3
XESGOS,3
XESLIR,1
XESZAX,1
XETVOH,0
XEVVEA,1
XEVVIE,2
XEVVUQ,3
XEVWAX,3
XEWZUU,0
XEXREX,2
XEXRUN,2
XEXSAU,2
XIBFUM,0
XIBGAT,0
XICCES,1
XICJUR,3
XICKEC,3
XICKOM,3
XIFZEU,3
XIFZIY,3
XIFZOE,3
XIGFAU,3
XINBAA,0
XIQHIO,3
XIRLER,0
XIRYAZ,1
XISKUF,3
XISLAM,3
XISVON,0
XISZUU,2
XITZIK,3
XIVBIP,0
XIWKUJ,3
XIWLAQ,3
XIWNAU,0
XIWYEH,3
XIWYIL,3
XIYYEL,3
XIZCIS,2
XIZHET,2
XMOPYC10,0
XOCLAD,0
XODXIZ,3
XODYIA,0
XOGPAL,0
XOGPEP,0
XOGPIT,0
XOJZIF,2
XOJZOL,2
XOJZUR,0
XOKPEV,0
XOLMAM,0
XOLXOO,0
XOPGOZ,0
XORCAI,1
XORDEN,2
XOSPEB,3
XOSPUQ,3
XOSQOL,3
XOSQUR,3
XOTGUI,3
XOTYEL,1
XOWKAV,0
XOXHEX,2
XOXHIB,2
XOXKAW,2
XOZZES,1
XOZZIW,1
XUDMIS,0
XUGJIU,1
XUGMAO,0
XUGMES,0
XUJCIP,3
XULNAU,2
XULRIG,0
XULROM,0
XUNLUP,3
XUPJUP,0
XUQWEL,3
XUQWIP,2
XURCIY,0
XUSJAW,2
XUSJEA,2
XUVGUQ,3
XUWSUD,3
XUWTAK,3
XUWYUK,2
XUXHON,0
XUYLAG,0
XUYRAK,0
XUZFII,2
XUZMUB,0
YABTIG,0
YABTOM,0
YABTUS,0
YABVAA,0
YABVAB,0
YABVEE,0
YABVII,0
YADDEN,2
YADFIS,0
YADWIL,0
YAGRON,3
YALPOS,0
YANVIV,3
YANWAO,3
YANWOC,3
YANXIX,3
YAPLEH,0
YAPNUY,0
YAQBUN,2
YAQCEA,2
YAQCIE,3
YASJAF,3
YATQIV,0
YAXBAB,1
YEBKOG,3
YEBKUM,3
YEBLAT,3
YECPII,0
YECQUS,3
YEDDEQ,2
YEDZOX,0
YEFDUJ,0
YEGPIL,0
YEGPOR,0
YEGSEL,2
YEGSOV,2
YEGSUB,2
YEGVAJ,1
YEHBOF,0
YEHBUL,0
YEJFAU,3
YEKDEA,1
YEKWET,0
YEMTAO,0
YEMZUO,0
YENSOA,2
YEPBIH,0
YEPFUU,0
YEWKAP,3
YEXWII,1
YEYHIU,0
YEYYEJ,0
YEZKAS,3
YEZRIF,3
YIDHID,0
YIDVUE,2
YIHVOB,1
YIJHAC,2
YIKLIP,2
YIKQIS,1
YIMJEK,0
YIQKUE,3
YIVFER,3
YIXZEL,3
YOKVUR,0
YOKWAY,0
YOKWEC,0
YOKXEC,1
YONYOQ,0
YOQXEJ,2
YORPUS,1
YORRII,3
YOTHOG,1
YOTHUM,1
YOVMII,3
YOVMOO,1
YOXXEP,2
YUFWAZ,3
YUGDAI,1
YUGDEM,1
YUGFEO,1
YUHLIW,0
YUHWUV,0
YUJVOQ,3
YUJWAD,3
YUKTUU,3
YUKVAC,3
YUKVEG,3
YUKVIK,3
YUKVOQ,3
YUKVUW,3
YUMHUK,0
YUMJAS,3
YUMJOG,0
YUNBEQ,0
YUNBIU,0
YUWVAN,1
YUWVOB,1
YUWVUH,0
YUWWAO,0
YUXMEL,1
YUXMIP,1
YUXMOV,1
YUXMUB,1
YUXNAI,1
YUXNEM,1
YUZSUH,3
ZACCUB,3
ZADHUK,0
ZAHDEU,0
ZAJZES,2
ZAKZUG,2
ZALBAP,2
ZALBIX,2
ZASHUY,0
ZAXYUS,1
ZAYRUO,0
ZAYSAV,0
ZAZNUL,3
ZEBPOO,3
ZECCUF,1
ZEDMOM,1
ZEDNIH,2
ZEDNON,0
ZEDNUT,0
ZEDPAB,0
ZEDPEF,0
ZEDPIJ,0
ZEDPOP,0
ZEFMAA,1
ZEHBUJ,3
ZEHCAQ,3
ZEJRAH,0
ZENSUJ,0
ZEQMAL,2
ZEQMIR,0
ZERGOS,0
ZESLAK,0
ZESQIX,0
ZESQOD,0
ZESQUJ,0
ZETMET,1
ZEXCOU,2
ZIGLOT,3
ZILDUV,1
ZILFAD,1
ZILFEH,1
ZITSEA,1
ZITWAD,0
ZIWKEV,2
ZIWKIZ,2
ZIXDAO,3
ZIXDES,3
ZIXDIW,3
ZOBPIR,1
ZOCHAD,0
ZOGRAO,3
ZOHNIV,2
ZOLJEP,2
ZOQFOC,2
ZOZBAR,0
ZOZBEV,0
ZUCQOF,0
ZULVAF,2
ZULVEJ,3
ZUNRAD,1
ZUNREH,1
ZURJII,0
ZUSXOA,2
ZUSZAQ,0
ZUTBUN,3
ZUWVUI,2
ZUZHEH,1
ADOSUI,0
AFILIL,0
AGEWOB,3
AHUTAZ,0
AJOQOF,3
ALICOO,0
ALIHAG,0
AMUXIQ,0
ASOMUS,0
AWAJUE,0
AXOSAI,0
BAGXOZ,2
BEFLEF,3
BEFLIJ,3
BEFMOQ,3
BEFMUW,3
BEFNAD,3
BEFNEH,3
BEFNUX,3
BEZVOU,0
BIQSAX,0
BIWLUO,3
BIWMAV,2
BOJDAG,3
BUDRUP,0
CAHVAJ,3
CEHLIN,1
CEXPIH,0
CIJJIQ,0
CIJJOW,0
CIJJUC,0
CIQPEZ,0
CIRVOQ,0
COFMIU,3
COFMOA,3
COMQUT,1
COPJOJ,0
COPJUP,0
COPKAW,0
COPKOK,0
COPKUQ,0
COPLAX,0
COQMIE,1
COVVAL,0
COVVIT,1
CUNRAG,3
DAGBIZ,0
DARJOX,3
DARJUD,3
DEJBIG,0
DEKHAE,2
DIMVIG,0
DOJQUQ,0
DUFBAJ,0
DUQCOK,0
DUXHAH,0
EHIHEI,3
EKUQAE,0
ELOJEU,3
EMUDIB,0
ENECIK,0
EPESIC,1
EQICOX,0
EQUCOI,3
ETECAJ,3
EWULAK,0
EXISEL,0
EYAFOB,0
EZAWIL,3
FAHFUS,0
FALPOY,3
FALZAU,3
FALZEY,3
FALZIC,3
FALZOI,3
FANQOC,0
FAQLEQ,0
FAVYEH,0
FEVYUB,2
FEWQOQ,0
FIJYUT,3
FIKFEL,3
FIRRIJ,0
FODZUU,3
FOHXUX,1
FOKBOY,0
FOPQUZ,0
FOPRAG,0
FOPREK,0
FOPRIO,0
FOPROU,0
FOXVPY,0
FUNSUC,2
FUNTIR,2
GAFNIM,0
GATPID,1
GEGCOM,3
GOBYAY,0
GOYSEU,2
GUAVPO,0
GUBJIX,1
GUBJOD,1
GUJLIH,2
GUXRAS,2
HAFJAA,0
HAFJOO,0
HAHNUA,0
HATSAY,3
HATSEC,3
HEMVIF,3
HIQXOW,0
HITTIO,1
HITXOY,3
HOLCOC,0
HOZHEL,0
HUPROA,0
IBEXAP,0
ICOTUR,0
IFAMIM,0
IFAMOS,0
IFEROB,2
IFERUH,1
IGOMUM,2
IRIPOO,3
ITANOG,0
ITEPAA,3
ITEPEE,2
IWOTIZ,0
JIKLUN,0
JOCTOL,0
JOTHOP,3
JOVWOI,3
JUVTOJ,0
KABXOD,0
KAYJIE,3
KESWEL,3
KETFEW,0
KILYUZ,3
KODNID,2
KOGPAX,0
KUGWEQ,3
KULTUJ,3
KUTBAE,3
LAHQEQ,3
LAHQIU,3
LEBLUC,3
LETREJ,3
LIDDUY,0
LIFHOX,0
LIFJAM,1
LIHKAQ,3
LIQDIB,0
LIQROV,1
LIVKUW,3
LIZZEB,0
LOJPOR,0
LULLAF,2
MACHUU,0
MAKLIV,0
MEBLEL,0
MECVIA,3
MECVUM,3
MEJVEC,3
MEXDEY,3
MOJZEQ,2
MUFWAM,0
NATNAX,0
NAVDUK,2
NEDJIR,0
NIRDAT,3
NITDEC,0
NITGED,0
NITGIH,1
NUFFAY,0
NUNTOH,3
NUSGEO,0
NUSGIS,0
NUSGUE,0
NUVLEW,0
OFEZIJ,3
OGUXOF,0
OPEGIA,3
PADKIP,3
PEVGOO,0
PIPFUR,0
POLBEX,3
POTYUT,0
POTZAA,1
PUFPOY,0
PUPJIU,0
QAWPAF,0
QAXROW,3
QEDCOU,0
QEVDON,0
QIXZOO,0
QOPDAA,3
QUFGED,3
QUFGIH,3
QUJFUZ,0
QUJGAG,0
QUJGEK,0
QUJGIO,0
QUTSII,0
RABNUD,3
RATPEJ,0
RATPIN,0
RAYZIA,3
REBRAR,0
REJFEU,3
REZGEJ,0
REZLAL,0
ROHSEN,1
ROJKEH,0
RONSOC,3
RUHJUB,0
RUHKAI,0
RUHKEM,0
RUWNED,2
RUWNIH,2
SAMDAM,1
SAVPEL,2
SENMUW,0
SENNAD,0
SIDTIJ,3
SIZZIN,0
SOCWOY,3
SOSYUW,1
SOYCIV,0
SUDGOQ,0
SUDGUW,0
TATQEL,2
TAVQEN,3
TETTUJ,1
TIFYAK,0
TIMFAX,0
TIMFEB,0
TOHSUG,0
UCOSEM,0
UCOSIQ,0
UDIDAN,0
UGOZAT,0
UGUFEH,0
UJIREL,1
UPETIT,1
UQUXIP,0
UXINEV,3
VAVHEI,0
VEHQOQ,1
VEQFAB,3
VERMUA,2
VEXBEG,0
VEZQAT,3
VIDHAU,3
VOPLUJ,0
VOYCIV,0
VOZBIX,1
VUVXER,0
VUVXIV,0
WEVNET,3
WEYFIQ,2
WISCEI,0
WOCKAB,2
WOFWEV,2
WOGDOO,0
WOPVUT,0
WOXROQ,3
WOYHID,3
WOYJID,3
WOYPUX,0
WOYXIT,0
WOYXOZ,0
XAXJOX,0
XEVWIF,2
XEVWOL,2
XISGUB,0
XOLXII,0
XUCKAJ,0
XUWTIS,3
YAQCAU,0
YEJWER,0
YIQSAV,3
YIQSEZ,3
YIQSID,3
YIQSOJ,3
YIQSUP,3
YIQTAW,3
YIQTEA,3
YIQTIE,3
YIQTOK,3
YIQTUQ,3
YIVTUU,1
YIVVAC,1
YIYSAD,2
YUFWED,3
YUMZIQ,1
ZALBET,2
ZAQZOG,3
ZICKIH,0
ZICKON,1
ZODMUD,0
ZODQOB,0
ZOHFUA,0
ZOQFIW,2
ZUWWAP,3
ABIXUG,0
AGEWUH,3
AGUBUA,3
AHUSAZ,0
BAXMIW,3
BAXMUI,3
BEFKUU,3
BEFLAB,3
BEFMAC,3
BEFMEG,3
BEFMIK,3
BEFNIL,3
BEFNOR,3
BEFPAF,3
BEZVIO,0
BEZVUA,0
BEZWAH,0
BOFBII,3
BUZTIB,1
BUZTUN,1
CAPCAA,0
CASWIE,3
CAVTUR,0
CEXPED,0
CIDTAM,0
CIDTEQ,0
CIHKAI,0
CIMWAX,1
CIRVIK,0
CODGAE,3
COFGOT10,0
COLMAU,3
COLZOU,0
COPKIE,0
COPLEB,0
CUGGOC,0
DEPSEW,3
DEPTOH,3
DIZBAR,3
DIZJED,3
ECEGAU,3
EFIMOV,3
EFIRER,0
EKELAJ,0
EKELEN,0
EKELIR,0
EKELOX,0
EKELUD,0
EKEMAK,0
EKIDEH,3
EKIDIL,3
EMORAZ,2
EWAYUW,1
EXEPEC,0
EYUXIF,3
FARXII,0
FEGHAD,3
FEXHUM,2
FIZLEF,0
FOBYED,0
FOJJEW,0
FOPQOT,1
FUNTOX,2
GETZUC,0
GIHWEC,0
GOMRAC,3
GOMREG,3
GOWYAU,0
GUCKOG,1
GUCKUM,2
GUHNON,0
HAYDUJ,1
HIXWES,0
HOZLUF,0
HOZMAM,0
HOZMEQ,0
HOZMIU,0
HULFUS,0
IGUTEK,3
IHAJEH,3
IHAJIL,3
INAHEL,0
IPIMEA,3
IPOXUH,2
ITEWOU,0
ITEWUA,0
IWAXUZ,3
IWAYAG,3
IWAYEK,3
IWAYIO,3
IWAYOU,3
IWAYUA,3
IWAZEL,3
IWAZIP,3
IXAMAW,3
IXAMEA,3
IXAMIE,3
JAJYOJ,0
JEXVUG,3
JIYBAX,0
JIYRAN,0
JOCPEZ,0
JOTFUW,0
JUQCIJ,0
KAWFAS,2
KAWFEW,2
KITDID,1
KITDOJ,1
KIZSOD,0
KOKLUS,0
KUQMAM,0
KUQMEQ,0
LEBMAJ,3
LEBZIE,3
LILRIK,0
LIQDUN,0
LIQRUB,1
LOBBUA,0
MAVBIW,0
MAZYER,3
MECVOG,3
MIHJUK,0
MORZID,3
MOTMOY,0
NABLEJ,3
NABNEL,2
NAVCAP,3
NECTUN,3
NEDJEN,0
NIRKAB,3
NOBVOS,3
OBIGUC,2
ODIJOC,3
OFEZEF,3
OHISUU,1
OKECIQ,3
ONALEV,3
PAXXES,0
PEBYEA,3
PENMIG,0
PESSAK,3
PESTAL,3
PIFPOK,1
PITQOZ,0
POHCEU,0
PUVDEP,3
QAQBES,0
QATNOO,1
QAXPAG,2
QESNEK,3
QOLVET,3
QORBUV,0
QUPCOW,1
REBRIA,3
REBROG,3
REBRUM,3
REBSAT,3
REBSIB,3
REZLIS,0
ROHSIR,1
RONMUF,0
RONNAM,0
RONNEQ,0
RONNIU,0
RUKFUB,3
SACNAN,1
SAMMID,3
SEDPUO,0
SENQAE,3
SIHGAS,1
SIHGEW,1
SIHLUQ,3
SIZZEJ,0
SUDGAC,0
SUPTUU,0
SURBUD,0
SUXNIJ,3
TACFIN,3
TAYZUQ,3
TAZBUT,3
TETWEW,1
TEXSEV,0
TICLEZ,2
TIGQOR,3
TINJIM,0
TINJOS,0
TINJUY,1
TITLAL,0
TIVSOH,0
TIXMIX,3
TIZGOA,0
ULEFAS,3
VAWXOH,0
VAXLOY,0
VAZWID,3
VIJDEY,0
VIJDIC,0
WABVOL,3
WABVUR,3
WABWAY,3
WABWEC,3
WAKBIV,0
WEXYUV,0
WEZREZ,0
WIPDEF,3
WIXVEH,0
WOCJII,3
WOYYAM,0
WUFBOR,1
WUKBIN,3
WULPAV,0
XACJAO,1
XEDWAF,1
XELPEL,3
XENPIQ,0
XIHFEC,0
XIHFIG,0
XIHFOM,0
XIHFUS,0
XIHGAZ,0
XIHGED,0
XUGWAY,2
XUWTEO,3
YECTUX,3
YEJWAN,0
YEJWIV,0
YIQRUO,3
YOMVIG,3
YULBAJ,3
YUSTOX,0
YUSVAL,0
ZODTOD,0
ZOPDIT,0
ZOTTUX,3
